scale_idx,seed,model,sampler_type,selector,int_time,logstep_jitter,scale,miness,margin_ess_exact,time,n_steps,margin_mean,margin_var
20,1,funnel_scale,SimpleRWMH,inverted,rand,none,4.0,1492.6074631676383,2158.451996737781,1.1451715199999999,600486.0,-0.07298120365067365,8.9827719443984
20,1,funnel_scale,SimpleAHMC,inverted,rand,none,4.0,1202.2888814512276,1345.6964571692629,3.348288437000001,319060.0,0.051794753305004,9.120815359222961
20,1,funnel_scale,NUTS,inverted,rand,none,4.0,4373.84369613616,4451.629425656492,0.8191837790000001,334494,0.16143392765805123,8.2987396541003
