{
    "ts": [1.91667, 2.08333, 2.25, 2.41667, 2.58333, 2.75, 2.91667, 3.08333, 3.25, 3.41667, 3.58333, 3.75, 3.91667, 4.08333, 4.25, 4.41667, 4.58333, 4.75, 4.91667, 5.08333, 5.25, 5.41667, 5.58333, 5.75, 5.91667, 6.08333, 6.25, 6.41667, 6.58333, 6.75, 6.91667, 7.08333, 7.25, 7.41667, 7.58333, 7.75, 7.91667, 8.08333, 8.25, 8.41667, 8.58333, 8.75, 8.91667, 9.08333, 9.25, 9.41667, 9.58333, 9.75, 9.91667, 10.0833, 10.25, 10.4167, 10.5833, 10.75, 10.9167, 11.0833, 11.25, 11.4167, 11.5833, 11.75, 11.9167, 12.0833, 12.25, 12.4167, 12.5833, 12.75, 12.9167, 13.0833, 13.25, 13.4167, 13.5833, 13.75, 13.9167, 14.0833, 14.25, 14.4167, 14.5833, 14.75, 14.9167, 15.0833, 15.25, 15.4167, 15.5833, 15.75, 15.9167, 16.0833, 16.25, 16.4167, 16.5833, 16.75, 16.9167, 17.0833, 17.25, 17.4167, 17.5833, 17.75, 17.9167, 18.0833, 18.25, 18.4167, 18.5833, 18.75, 18.9167, 19.0833, 19.25, 19.4167, 19.5833, 19.75, 19.9167, 20.0833, 20.25, 20.4167, 20.5833, 20.75, 20.9167, 21.0833, 21.25, 21.4167, 21.5833, 21.75, 21.9167, 22.0833, 22.25, 22.4167, 22.5833, 22.75, 22.9167, 23.0833, 23.25, 23.4167, 23.5833, 23.75, 23.9167, 24.0833, 24.25, 24.4167, 24.5833, 24.75, 24.9167, 25.0833, 25.25, 25.4167, 25.5833, 25.75, 25.9167, 26.0833, 26.25, 26.4167, 26.5833], 
    "ys": [5.606, 3.718, 9.115, 9.473, 13.407, 11.413, 16.251, 13.674, 20.759, 18.196, 23.998, 20.412, 27.29, 23.86, 29.852, 26.679, 29.47, 30.557, 28.206, 33.831, 30.339, 34.782, 33.38, 38.658, 34.839, 43.928, 37.43, 42.167, 40.797, 39.639, 41.158, 40.553, 44.181, 41.428, 46.425, 42.381, 48.313, 44.116, 46.649, 45.211, 47.126, 45.804, 48.21, 45.16, 50.637, 47.403, 53.32, 48.217, 52.555, 48.301, 54.721, 51.334, 50.908, 52.631, 53.549, 50.689, 51.011, 56.259, 53.338, 59.252, 53.006, 60.551, 54.324, 61.331, 55.48, 56.693, 56.566, 55.347, 61.868, 56.979, 62.119, 57.655, 63.279, 57.547, 62.75, 58.245, 60.214, 60.739, 59.195, 61.14, 58.735, 62.918, 59.539, 62.872, 60.759, 64.86, 62.182, 64.782, 61.456, 64.754, 60.671, 61.316, 62.345, 60.914, 62.374, 62.997, 60.783, 61.288, 60.789, 63.226, 58.914, 60.298, 58.257, 57.768, 59.015, 57.314, 61.219, 57.96, 60.024, 58.954, 61.306, 59.615, 64.139, 60.609, 66.178, 59.914, 66.168, 59.455, 66.784, 61.759, 65.957, 60.431, 62.504, 61.8, 61.057, 65.056, 61.657, 65.165, 60.781, 64.104, 60.499, 65.724, 61.099, 65.728, 62.024, 65.761, 59.438, 65.52, 60.641, 63.443, 60.343, 62.66, 60.857, 59.425, 58.236, 60.201, 59.923, 58.4, 65.513], 
    "N": 149
}